sellerSku,position,url
DCBD-HW5P-001,1,https://cdn.cartup.com/product/32443a23-ff9d-46a5-bb4c-a70a6d426705.webp
DCBD-HW5P-002,1,https://cdn.cartup.com/product/0b3f8fe3-68b6-48a6-93fd-d62a27f081b6.webp
DCBD-HWCC-001,1,https://cdn.cartup.com/product/2f33e0a9-85a1-41cf-9c96-530c9264408e.webp
DCBD-HWCC-002,1,https://cdn.cartup.com/product/34a8c7fa-eef0-41c4-802d-112ed9316efd.webp
DCBD-HWCC-003,1,https://cdn.cartup.com/product/7c7d582e-685d-4fec-b5d9-cb277eea72e6.webp
DCBD-HWCC-004,1,https://cdn.cartup.com/product/8f1fb6dd-75ff-4e14-9de3-90d1cfcdd56d.webp
DCBD-HWCC-005,1,https://cdn.cartup.com/product/a47f07ca-58c7-4173-8a36-14f9b3a2a61b.webp
DCBD-HWCC-006,1,https://cdn.cartup.com/product/bc3d35a6-d010-425e-a8e6-e656fa566d50.webp
DCBD-HWCC-007,1,https://cdn.cartup.com/product/fc485c81-2772-43d6-8958-17eaf7727768.webp
DCBD-HWCC-008,1,https://cdn.cartup.com/product/480da80f-7c29-4561-a908-4581f0f8841b.webp
DCBD-HWCC-009,1,https://cdn.cartup.com/product/375e5a3e-b231-4b51-97b0-619fba461cc6.webp
DCBD-HWCC-010,1,https://cdn.cartup.com/product/1580fb8a-5afd-4058-ac12-2604ff981728.webp
DCBD-HWCC-011,1,https://cdn.cartup.com/product/4d120e8a-c75e-4c91-ab57-bd308798c47e.webp
DCBD-HWCC-012,1,https://cdn.cartup.com/product/3ae6efb7-9a49-433b-8d1d-34d7dae00f73.webp
DCBD-HWCC-013,1,https://cdn.cartup.com/product/8ff95cf5-f87f-4811-af22-7e32c7f32592.webp
DCBD-HWF1-001,1,https://cdn.cartup.com/product/a5868379-7e79-444a-abb2-e193af551c8a.webp
DCBD-HWF1-002,1,https://cdn.cartup.com/product/541df896-585c-490a-b046-a4b0e974b293.webp
DCBD-HWFF-001,1,https://cdn.cartup.com/product/84fa685f-8261-45fa-954e-e590208ee294.webp
DCBD-HWFF-002,1,https://cdn.cartup.com/product/21abec2c-e4e1-45a9-b4ff-79d8371e4b49.webp
DCBD-HWFF-003,1,https://cdn.cartup.com/product/854a3e25-5462-40a2-baef-e281539f38a3.webp
DCBD-HWFF-004,1,https://cdn.cartup.com/product/6213d1de-37eb-4490-8144-c0e17e2abd48.webp
DCBD-HWFF-005,1,https://cdn.cartup.com/product/a21920d4-ef96-4185-ab79-d68555bf29e6.webp
DCBD-HWPC-001,1,https://cdn.cartup.com/product/58423d79-7b1d-4f0d-8b4f-976de460087e.webp
DCBD-HWPC-002,1,https://cdn.cartup.com/product/e1002ea3-ab4c-468e-9d6a-1b7b25d6faf1.webp
DCBD-MGT-1022,1,https://cdn.cartup.com/product/c5fdfbfe-0840-42b5-bd63-f14ec1458063.webp
DCBD-MGT-1046,1,https://cdn.cartup.com/product/f8756d77-40f7-4c3c-bd6f-69b0998b1a69.webp
DCBD-MGT-1094,1,https://cdn.cartup.com/product/71a61668-2fe6-44ae-85c2-187d08c4b5e2.webp
DCBD-MGT-1106,1,https://cdn.cartup.com/product/a746ce49-1851-46e7-a30a-9a105fab7d34.webp
DCBD-MGT-TS01,1,https://cdn.cartup.com/product/192b9e00-4edd-47ff-90a1-7e49220ea4bb.webp
